Track URI,Track Name,Album Name,Artist Name(s),Release Date,Duration (ms),Popularity,Explicit,Added By,Added At,Genres,Record Label,Danceability,Energy,Key,Loudness,Mode,Speechiness,Acousticness,Instrumentalness,Liveness,Valence,Tempo,Time Signature
spotify:track:39xDX63yonTblgoHdTKLtI,"Hardcore","A Great Chaos","Ken Carson",2023-10-13,124567,61,true,9ld0xsqaij2jhjwpzl3iyiuj9,2025-04-30T22:53:56Z,"rage rap","Opium/Interscope Records",0.702,0.584,1,-5.594,1,0.244,0.0118,0.054,0.259,0.404,156.076,4
spotify:track:4oPLjuY1WgGTL0Ja1doDOn,"Magic Johnson","Valedictorian [Deluxe]","ian",2024-06-07,137158,73,true,9ld0xsqaij2jhjwpzl3iyiuj9,2025-04-30T22:54:00Z,"","Bu Vision",0.911,0.689,1,-6.176,1,0.265,0.00119,0,0.0704,0.546,140.034,4
spotify:track:2c7sRekhMGlj7u1WIIzoQu,"Fighting My Demons","A Great Chaos","Ken Carson",2023-10-13,150401,72,true,9ld0xsqaij2jhjwpzl3iyiuj9,2025-04-30T22:54:02Z,"rage rap","Opium/Interscope Records",0.52,0.66,1,-4.918,1,0.061,0.00496,0.00000964,0.436,0.0416,141.663,4
spotify:track:2cZOYofOX4d6g0OXxkaIjA,"ALL RED","ALL RED","Playboi Carti",2024-09-13,148053,68,true,9ld0xsqaij2jhjwpzl3iyiuj9,2025-04-30T22:54:04Z,"rage rap","AWGE/Interscope Records",0.76,0.663,9,-4.763,0,0.0551,0.109,0,0.305,0.209,143.082,4
spotify:track:0HTIrbUwwFn984RzVZm5Fk,"Yale","Teen X","Ken Carson",2020-08-14,106536,43,true,9ld0xsqaij2jhjwpzl3iyiuj9,2025-04-30T22:54:06Z,"rage rap","Ken Car$on",0.728,0.442,1,-10.095,1,0.0565,0.000487,0.00000821,0.149,0.441,142.025,4
spotify:track:26QJuQfM8PVAWkIm1JRyqq,"ss","A Great Chaos (Deluxe)","Ken Carson",2024-07-05,184375,76,true,9ld0xsqaij2jhjwpzl3iyiuj9,2025-04-30T22:54:10Z,"rage rap","Opium/Interscope Records",0.501,0.662,11,-7.161,0,0.083,0.0364,0.0000664,0.152,0.0348,137.625,4
spotify:track:6iycYUk3oB0NPMdaDUrN1w,"EVIL J0RDAN","MUSIC","Playboi Carti",2025-03-14,183928,78,true,9ld0xsqaij2jhjwpzl3iyiuj9,2025-04-30T22:54:13Z,"rage rap","AWGE/Interscope Records",0.689,0.36,1,-7.029,1,0.0564,0.00665,0.0000611,0.119,0.0599,154.009,4
spotify:track:0hhNTyH6RJJGItHeSMCof3,"Me N My Kup","A Great Chaos","Ken Carson",2023-10-13,234032,63,true,9ld0xsqaij2jhjwpzl3iyiuj9,2025-04-30T22:54:23Z,"rage rap","Opium/Interscope Records",0.664,0.784,9,-3.126,1,0.0461,0.00278,0,0.109,0.212,140.032,4
spotify:track:2Tif3Rjua8qfTCUFP6lFrV,"Lord Of Chaos","More Chaos","Ken Carson",2025-04-11,121957,60,true,9ld0xsqaij2jhjwpzl3iyiuj9,2025-04-30T22:54:31Z,"rage rap","Opium/Interscope",0.511,0.616,8,-6.145,0,0.0687,0.0115,0.00000236,0.152,0.067,79.081,4
spotify:track:7eUvg5UEG8AVyWKGWm7Lj1,"55 Lifestyle","Snotty World (Deluxe)","Homixide Gang",2021-08-25,82782,21,true,9ld0xsqaij2jhjwpzl3iyiuj9,2025-04-30T22:54:34Z,"rage rap","Snotty World",0.67,0.416,7,-9.027,1,0.0755,0.0105,0.0000446,0.1,0.153,150.943,4
spotify:track:4jx9GqqVMPacAOKHaFlsLb,"Teen Bean","Teen Bean","Ken Carson",2022-02-18,119248,59,true,9ld0xsqaij2jhjwpzl3iyiuj9,2025-04-30T22:54:38Z,"rage rap","Opium",0.751,0.576,11,-7.702,1,0.176,0.163,0.0000436,0.265,0.158,146.973,4
spotify:track:5I8LS9jiW5xju1lzakh1s3,"Rockstar Lifestyle","A Great Chaos","Ken Carson",2023-10-13,192879,59,true,9ld0xsqaij2jhjwpzl3iyiuj9,2025-04-30T22:54:43Z,"rage rap","Opium/Interscope Records",0.679,0.703,1,-5.066,1,0.213,0.000963,0,0.323,0.191,139.777,4
spotify:track:6hJjp4IbXc5bddl6RKutJr,"MDMA (feat. Destroy Lonely)","X","Ken Carson;Destroy Lonely",2022-07-08,228326,58,true,9ld0xsqaij2jhjwpzl3iyiuj9,2025-04-30T22:54:53Z,"rage rap","Opium/Interscope Records",0.454,0.77,0,-5.764,1,0.167,0.00208,0,0.237,0.398,75.867,4
spotify:track:2ht2G1JL1yg0kIbz6Wfr8V,"New","X","Ken Carson",2022-07-08,169889,58,true,9ld0xsqaij2jhjwpzl3iyiuj9,2025-04-30T22:54:56Z,"rage rap","Opium/Interscope Records",0.684,0.638,5,-4.191,1,0.033,0.242,0.000773,0.199,0.0545,148.074,4
spotify:track:3cWmqvMwVQKDigWLSZ3w9h,"Rockstar Made","Whole Lotta Red","Playboi Carti",2020-12-25,193574,68,true,9ld0xsqaij2jhjwpzl3iyiuj9,2025-04-30T22:55:00Z,"rage rap","AWGE/Interscope Records",0.773,0.612,8,-5.73,1,0.232,0.0398,0,0.142,0.381,149.999,4
spotify:track:5hzkAD8nloXDHk62KsVtyG,"Stunt","Homixide Lifestyle","Homixide Gang;Ken Carson",2022-11-22,178285,5,true,9ld0xsqaij2jhjwpzl3iyiuj9,2025-04-30T22:55:02Z,"rage rap","Opium",0.409,0.636,7,-6.428,1,0.165,0.138,0,0.277,0.13,140.093,4
spotify:track:56BtPjjWiRc0ch7DH8DNu9,"Trap Jump","More Chaos","Ken Carson",2025-04-11,150386,61,true,9ld0xsqaij2jhjwpzl3iyiuj9,2025-04-30T22:55:16Z,"rage rap","Opium/Interscope",0.622,0.704,11,-5.136,1,0.0505,0.000598,0,0.138,0.299,140.238,4
spotify:track:15JRvf02KKGHKgC31jrpuh,"Meh","Whole Lotta Red","Playboi Carti",2020-12-25,118500,65,true,9ld0xsqaij2jhjwpzl3iyiuj9,2025-04-30T22:55:20Z,"rage rap","AWGE/Interscope Records",0.764,0.512,1,-6.814,1,0.3,0.00158,0,0.0899,0.586,81.541,4
spotify:track:28niVl6iodHnHpE1bCeJiV,"Freestyle 2","X","Ken Carson",2022-07-08,138319,67,true,9ld0xsqaij2jhjwpzl3iyiuj9,2025-04-30T22:55:40Z,"rage rap","Opium/Interscope Records",0.636,0.705,1,-7.774,0,0.24,0.00402,0,0.105,0.679,95.921,5
spotify:track:4wBaBLQcSSzjdcEC93YxPG,"Uzi Work","Snot or Not","Homixide Gang",2023-04-27,105954,10,true,9ld0xsqaij2jhjwpzl3iyiuj9,2025-04-30T22:55:54Z,"rage rap","Opium",0.679,0.484,8,-4.944,1,0.0984,0.00284,0,0.0926,0.206,144.918,4
spotify:track:4CzhtKifG867Lu5DNQVBSA,"Vamp Anthem","Whole Lotta Red","Playboi Carti",2020-12-25,124093,70,true,9ld0xsqaij2jhjwpzl3iyiuj9,2025-05-11T19:26:46Z,"rage rap","AWGE/Interscope Records",0.642,0.69,11,-5.101,1,0.261,0.00599,0.0000013,0.322,0.641,164.075,4
spotify:track:2M1LHRfp0vsJKjKfKxOUx3,"5unna","Snotty World (Deluxe)","Homixide Gang;R5 Homixide",2021-08-25,100414,27,true,9ld0xsqaij2jhjwpzl3iyiuj9,2025-05-28T22:09:32Z,"rage rap","Snotty World",0.688,0.641,11,-6.327,1,0.329,0.000129,0,0.227,0.553,146.223,4
spotify:track:20v5X5P8guUGTQQ1EAWys4,"Lifestyle","Homixide Lifestyle","Homixide Gang",2022-11-22,137142,8,true,9ld0xsqaij2jhjwpzl3iyiuj9,2025-08-10T16:48:50Z,"rage rap","Opium",0.727,0.792,9,-6.094,1,0.232,0.00455,0.000102,0.39,0.516,144.054,4
spotify:track:7IzutleLK1419FM8rUpYmq,"Blakk Rokkstar","More Chaos","Ken Carson",2025-04-11,230923,60,true,9ld0xsqaij2jhjwpzl3iyiuj9,2025-11-23T03:42:23Z,"rage rap","Opium/Interscope",0.462,0.659,11,-6.256,1,0.234,0.000481,0,0.123,0.137,147.135,4
spotify:track:6N0I4EqoaIHib3W1LFPMzC,"Murda Musik (feat. Destroy Lonely)","X","Ken Carson;Destroy Lonely",2022-07-08,176578,60,true,9ld0xsqaij2jhjwpzl3iyiuj9,2025-11-23T03:42:41Z,"rage rap","Opium/Interscope Records",0.763,0.654,1,-7.042,1,0.229,0.0456,0,0.108,0.334,156.085,4
spotify:track:3ZuKr1NfTecyfGuYwuXb7c,"Freestyle 3","XTENDED","Ken Carson",2022-10-31,142287,57,true,9ld0xsqaij2jhjwpzl3iyiuj9,2025-11-25T01:53:48Z,"rage rap","Opium/Interscope Records",0.699,0.739,1,-5.401,1,0.267,0.022,0,0.154,0.581,156.083,4
spotify:track:5ZY2fIqxuKDr5pdz0ucpRz,"Lose It","A Great Chaos","Ken Carson",2023-10-13,140811,60,true,9ld0xsqaij2jhjwpzl3iyiuj9,2025-11-25T20:38:07Z,"rage rap","Opium/Interscope Records",0.578,0.702,0,-6.675,1,0.0488,0.00374,0.0000543,0.141,0.345,75.046,4
spotify:track:6dhLnWxKnrrCszvUKRPkNq,"It’s Over","A Great Chaos","Ken Carson",2023-10-13,95687,62,true,9ld0xsqaij2jhjwpzl3iyiuj9,2025-11-28T20:35:55Z,"rage rap","Opium/Interscope Records",0.643,0.659,5,-6.003,1,0.128,0.000396,0,0.233,0.447,142.846,4
spotify:track:11GKYHTMZHqIH6wR03pA4t,"Clutch","Project X","Ken Carson",2021-07-23,131414,54,true,9ld0xsqaij2jhjwpzl3iyiuj9,2025-11-28T20:36:40Z,"rage rap","Opium - Ken Carson",0.715,0.836,11,-6.444,0,0.256,0.00353,0,0.0748,0.597,147.114,4
spotify:track:7LnDwLbggJhnydBLVu87dy,"Fuk 12","XTENDED","Ken Carson",2022-10-31,84324,41,true,9ld0xsqaij2jhjwpzl3iyiuj9,2025-11-30T05:46:51Z,"rage rap","Opium/Interscope Records",0.645,0.646,8,-6.87,0,0.147,0.0139,0,0.249,0.212,148.062,4
